,Age,Academic Pressure,Work Pressure,CGPA,Study Satisfaction,Job Satisfaction,Work/Study Hours,Depression
Age,1.0,-0.07580346147314995,0.0020149696095657635,0.0050558046066961244,0.009235416891298505,-0.0004318001722006385,-0.032928058790812224,-0.22642204090166426
Academic Pressure,-0.07580346147314995,1.0,-0.022231084474528387,-0.022238849696491973,-0.11098809743084369,-0.02494498991063144,0.09597047573010381,0.474834943980666
Work Pressure,0.0020149696095657635,-0.022231084474528387,1.0,-0.050896110166889774,-0.021145183793326878,0.7706521656642141,-0.005468153961635134,-0.003350612827956491
CGPA,0.0050558046066961244,-0.022238849696491973,-0.050896110166889774,1.0,-0.044061606766943595,-0.05363126881226431,0.0026041970795640658,0.022210470344461542
Study Satisfaction,0.009235416891298505,-0.11098809743084369,-0.021145183793326878,-0.044061606766943595,1.0,-0.021906640645712402,-0.03644141556975229,-0.16797138380307702
Job Satisfaction,-0.0004318001722006385,-0.02494498991063144,0.7706521656642141,-0.05363126881226431,-0.021906640645712402,1.0,-0.005222370904697709,-0.0034816550595300915
Work/Study Hours,-0.032928058790812224,0.09597047573010381,-0.005468153961635134,0.0026041970795640658,-0.03644141556975229,-0.005222370904697709,1.0,0.2085628311160933
Depression,-0.22642204090166426,0.474834943980666,-0.003350612827956491,0.022210470344461542,-0.16797138380307702,-0.0034816550595300915,0.2085628311160933,1.0
