Model,Accuracy,Precision,Recall,F1 Score
Logistic Regression,0.8428597025622648,0.8573991031390135,0.8776009791921665,0.8673824285498261
Random Forest,0.8328256584841426,0.8451078924031924,0.8748470012239902,0.8597203428055932
