,Age,Academic Pressure,Work Pressure,CGPA,Study Satisfaction,Job Satisfaction,Work/Study Hours
count,27901.0,27901.0,27901.0,27901.0,27901.0,27901.0,27901.0
mean,25.82230027597577,3.1412135765743163,0.00043009211139385684,7.65610417189348,2.943837138453819,0.0006809791763736067,7.156983620658758
std,4.905687448924321,1.3814648413275932,0.043992032063924706,1.4707073462076152,1.3611479552669856,0.04439439621860686,3.7076420727787673
min,18.0,0.0,0.0,0.0,0.0,0.0,0.0
25%,21.0,2.0,0.0,6.29,2.0,0.0,4.0
50%,25.0,3.0,0.0,7.77,3.0,0.0,8.0
75%,30.0,4.0,0.0,8.92,4.0,0.0,10.0
max,59.0,5.0,5.0,10.0,5.0,4.0,12.0
