Method,Outlier Count,Outlier %
IQR,23,0.08243432135048923
Z-Score,30,0.10752302784846422
Isolation Forest,1395,4.999820794953585
LOF,42,0.1505322389878499
