Depression,proportion
1,58.549872764417046
0,41.450127235582954
